<?xml version="1.0" encoding="UTF-8" ?>
<!DOCTYPE mapper PUBLIC "-//mybatis.org//DTD Mapper 3.0//EN" "http://mybatis.org/dtd/mybatis-3-mapper.dtd">

<mapper namespace="BoardDAO">
	<insert id="insertBoard" parameterType="board">
		INSERT INTO BOARD(
			board_seq
			,TITLE
			,BOARD_PW
			,CONTENT
			,REG_DT
			,REG_ID
			,UPDT_DT
			,UPDT_ID
		)VALUES(
			'BOARD'||TO_CHAR(NOW(),'yyyymmdd')||LPAD(NEXTVAL('seq_board_num')::TEXT,8,'0')
			,#{title}
			,#{board_pw}
			,#{content}
			,transaction_timestamp()
			,#{reg_id}
			,transaction_timestamp()
			,#{updt_id}
		)
	</insert>
	<select id="getBoardList" resultType="board" parameterType="board">
		SELECT  BOARD_SEQ,
		        TITLE, 
		        REG_ID,
		        TO_CHAR(REG_DT, 'yyyy-mm-dd hh:mi:ss') AS REG_DT,
		        ROW_NUMBER () OVER (ORDER BY REG_DT ASC) AS RNUM
		FROM BOARD 
		<trim prefix="WHERE" prefixOverrides="AND|OR">
			<if test="searchType=='title' and keyword != null and keyword != '' ">
				AND TITLE like CONCAT('%', #{keyword}, '%')
			</if>
			<if test="searchType=='content' and keyword != null and keyword != '' ">
				AND CONTENT like CONCAT('%', #{keyword}, '%')
			</if>
			<if test="searchType=='reg_id' and keyword != null and keyword != '' ">
				AND REG_ID like CONCAT('%', #{keyword}, '%')
			</if>	
		</trim>
		ORDER BY RNUM desc
		OFFSET #{startListNum}
		LIMIT #{listSize}
	</select>
	<select id="getBoardListCnt" resultType="int">
		SELECT
			count(*) as listCnt
		FROM
			BOARD
		<trim prefix="WHERE" prefixOverrides="AND|OR">
			<if test="keyword != null and keyword != '' ">
			<if test="searchType=='title'">
				AND TITLE like CONCAT('%', #{keyword}, '%')
			</if>
			<if test="searchType=='content'">
				AND CONTENT like CONCAT('%', #{keyword}, '%')
			</if>
			<if test="searchType=='reg_id'">
				AND REG_ID like CONCAT('%', #{keyword}, '%')
			</if>
    		</if>
		</trim>
	</select>
	<select id="getBoard" parameterType="board" resultType="board">
		SELECT 
			BOARD_SEQ
			,TITLE
			,REG_ID
			,TO_CHAR(REG_DT, 'yyyy-mm-dd hh:mi:ss') AS REG_DT
			,CONTENT
		FROM 
			BOARD
		WHERE
			BOARD_SEQ = #{board_seq}
	</select>
	
	<update id="updateBoard" parameterType="board">
		UPDATE
			 board
		SET 
			 TITLE = #{title}
			,CONTENT = #{content}
			,BOARD_PW = #{board_pw}
		WHERE
			 board_seq = #{board_seq}
	</update>
	<delete id="deleteBoard" parameterType="board">
		DELETE
		FROM 
			board
		WHERE 
			board_seq = #{board_seq}
	</delete>
		<select id="BoardPagePassChk" resultType="int" parameterType="board">
		SELECT count(1) AS CNT
		  FROM BOARD 
		 WHERE BOARD_SEQ = #{board_seq}
		   AND BOARD_PW = #{board_pw}
		 </select>
</mapper> 