<?xml version="1.0" encoding="UTF-8" ?>
<!DOCTYPE mapper PUBLIC "-//mybatis.org//DTD Mapper 3.0//EN" "http://mybatis.org/dtd/mybatis-3-mapper.dtd">

<mapper namespace="RegistrationDAO">
	<insert id="insertRegistration">
		INSERT INTO
			registration(userid,password,name,pnum,email,usertype,reg_date,reg_id,updt_date)
		VALUES
			(#{userid},#{password},#{name},#{pnum},#{email},#{usertype},current_timestamp,#{userid},current_timestamp)
	</insert>
	<select id="idChk" resultType="int" parameterType="String">
		SELECT
			COUNT(*) FROM registration
		WHERE
			userid = #{value}
	</select>
	<select id="passCheck" resultType="int" parameterType="board">
		SELECT count(1) AS CNT
		  FROM registration 
		 WHERE USERID = #{userid}
		 <if test="password != null">
		   AND PASSWORD = #{password}
		 </if>
	</select>
	<!-- 로그인 체크 -->
	<select id="idCheck" parameterType="board" resultType="board">
		SELECT * 
		  FROM registration 
		 WHERE USERID = #{userid}
		 <if test="password != null">
		   AND PASSWORD = #{password}
		 </if>
	</select>
   	<update id="updateRegistration" parameterType="board">
     UPDATE 
      		REGISTRATION
      	SET
	      	UPDT_ID = #{userid}
	      	,REG_ID = #{userid}
			,UPDT_DATE = NOW()
	        ,EMAIL = #{email}
	        ,PASSWORD = #{password}
      WHERE
      	 	USERID = #{userid}
   </update>
   <select id="getRegistration" parameterType="board" resultType="board">
		SELECT 
			*
		FROM 
			registration
		WHERE 
			USERID = #{userid}
	</select>
	<delete id="deleteRegistration" parameterType="board">
		DELETE
		FROM 
			registration
		WHERE USERID = #{userid} AND PASSWORD = #{password}
	</delete>
	<select id="BoardPagePassChk" resultType="int" parameterType="board">
		SELECT count(1) AS CNT
		  FROM REGISTRATION 
		 WHERE USERID = #{userid}
		   AND PASSWORD = #{password}
		 </select>
</mapper> 